{
  "params": {
    "global_coupling": 0.7919369229026972,
    "I_ext": 0.8597544489295239,
    "c_ee": 8.84135182830198,
    "c_ie": 16.796320682515407,
    "noise_strength": 0.1318516306054407,
    "theta_e": 2.8205503029495147,
    "slow_drive_sigma": 0.6109771782407742,
    "delay_jitter_pct": 0.14427154356483526
  },
  "loss": 0.54725614142595,
  "metrics": {
    "mean": 0.3971308576275461,
    "std": 0.171343167987062,
    "max_activity": 0.9395315716060278,
    "fc_mean": 0.2820148088821643,
    "metastability": 0.026204541993989736
  },
  "iterations": 166,
  "time": 1512.8812160491943,
  "log_dir": "tuner_logs"
}